Workbook

Sheet Insurance Buyers
A1: ID | B1: Marital Status | C1: Gender | D1: Income | E1: Children | F1: Education | G1: Occupation | H1: Home Owner | I1: Cars | J1: Commute Distance | K1: Region | L1: Age | M1: Purchased Bike
A2: 12496 | B2: M | C2: F | D2: 40000 | E2: 1 | F2: Bachelors | G2: Skilled Manual | H2: Yes | I2: 0 | J2: 0-1 Miles | K2: Europe | L2: 42 | M2: No
A3: 24107 | B3: M | C3: M | D3: 30000 | E3: 3 | F3: Partial College | G3: Clerical | H3: Yes | I3: 1 | J3: 0-1 Miles | K3: Europe | L3: 43 | M3: No
A4: 14177 | B4: M | C4: M | D4: 80000 | E4: 5 | F4: Partial College | G4: Professional | H4: No | I4: 2 | J4: 2-5 Miles | K4: Europe | L4: 60 | M4: No
A5: 24381 | B5: S | C5: M | D5: 70000 | E5: 0 | F5: Bachelors | G5: Professional | H5: Yes | I5: 1 | J5: 5-10 Miles | K5: Pacific | L5: 41 | M5: Yes
A6: 25597 | B6: S | C6: M | D6: 30000 | E6: 0 | F6: Bachelors | G6: Clerical | H6: No | I6: 0 | J6: 0-1 Miles | K6: Europe | L6: 36 | M6: Yes
A7: 13507 | B7: M | C7: F | D7: 10000 | E7: 2 | F7: Partial College | G7: Manual | H7: Yes | I7: 0 | J7: 1-2 Miles | K7: Europe | L7: 50 | M7: No
A8: 27974 | B8: S | C8: M | D8: 160000 | E8: 2 | F8: High School | G8: Management | H8: Yes | I8: 4 | J8: 0-1 Miles | K8: Pacific | L8: 33 | M8: Yes
A9: 19364 | B9: M | C9: M | D9: 40000 | E9: 1 | F9: Bachelors | G9: Skilled Manual | H9: Yes | I9: 0 | J9: 0-1 Miles | K9: Europe | L9: 43 | M9: Yes
A10: 22155 | B10: M | C10: M | D10: 20000 | E10: 2 | F10: Partial High School | G10: Clerical | H10: Yes | I10: 2 | J10: 5-10 Miles | K10: Pacific | L10: 58 | M10: No
A11: 19280 | B11: M | C11: M | D11: 120000 | E11: 2 | F11: Partial College | G11: Manual | H11: Yes | I11: 1 | J11: 0-1 Miles | K11: Europe | L11: 40 | M11: Yes
A12: 22173 | B12: M | C12: F | D12: 30000 | E12: 3 | F12: High School | G12: Skilled Manual | H12: No | I12: 2 | J12: 1-2 Miles | K12: Pacific | L12: 54 | M12: Yes
A13: 12697 | B13: S | C13: F | D13: 90000 | E13: 0 | F13: Bachelors | G13: Professional | H13: No | I13: 4 | J13: 10+ Miles | K13: Pacific | L13: 36 | M13: No
... A1027: 18484 | B1027: S | C1027: M | D1027: 80000 | E1027: 2 | F1027: High School | G1027: Skilled Manual | H1027: No | I1027: 2 | J1027: 1-2 Miles | K1027: Pacific | L1027: 50 | M1027: Yes

Sheet working sheet
A1: PolicyHolder ID | B1: Marital Status(Risk factor) | C1: Gender | D1: Income | E1: Dependent | F1: Education level | G1: Occupation(Risk class) | H1: Home Ownership status | I1: Assets Owned(Cars) | J1: Commute Distance | K1: Region | L1: Age | M1: Age(Risk factor) | N1: Purchased insurance
A2: 12496 | B2: Married | C2: Female | D2: 40000 | E2: 1 | F2: Bachelors | G2: Skilled Manual | H2: Yes | I2: 0 | J2: 0-1 Miles | K2: Europe | L2: 42 | M2: =IF(L2>54, "Old", IF(L2>=31, "Middle Age", IF(L2<31, "Adolescent", "invalid"))) -> Middle Age | N2: No
A3: 24107 | B3: Married | C3: Male | D3: 30000 | E3: 3 | F3: Partial College | G3: Clerical | H3: Yes | I3: 1 | J3: 0-1 Miles | K3: Europe | L3: 43 | M3: =IF(L3>54, "Old", IF(L3>=31, "Middle Age", IF(L3<31, "Adolescent", "invalid"))) -> Middle Age | N3: No
A4: 14177 | B4: Married | C4: Male | D4: 80000 | E4: 5 | F4: Partial College | G4: Professional | H4: No | I4: 2 | J4: 2-5 Miles | K4: Europe | L4: 60 | M4: =IF(L4>54, "Old", IF(L4>=31, "Middle Age", IF(L4<31, "Adolescent", "invalid"))) -> Old | N4: No
A5: 24381 | B5: Single | C5: Male | D5: 70000 | E5: 0 | F5: Bachelors | G5: Professional | H5: Yes | I5: 1 | J5: 5-10 Miles | K5: Pacific | L5: 41 | M5: =IF(L5>54, "Old", IF(L5>=31, "Middle Age", IF(L5<31, "Adolescent", "invalid"))) -> Middle Age | N5: Yes
A6: 25597 | B6: Single | C6: Male | D6: 30000 | E6: 0 | F6: Bachelors | G6: Clerical | H6: No | I6: 0 | J6: 0-1 Miles | K6: Europe | L6: 36 | M6: =IF(L6>54, "Old", IF(L6>=31, "Middle Age", IF(L6<31, "Adolescent", "invalid"))) -> Middle Age | N6: Yes
A7: 13507 | B7: Married | C7: Female | D7: 10000 | E7: 2 | F7: Partial College | G7: Manual | H7: Yes | I7: 0 | J7: 1-2 Miles | K7: Europe | L7: 50 | M7: =IF(L7>54, "Old", IF(L7>=31, "Middle Age", IF(L7<31, "Adolescent", "invalid"))) -> Middle Age | N7: No
A8: 27974 | B8: Single | C8: Male | D8: 160000 | E8: 2 | F8: High School | G8: Management | H8: Yes | I8: 4 | J8: 0-1 Miles | K8: Pacific | L8: 33 | M8: =IF(L8>54, "Old", IF(L8>=31, "Middle Age", IF(L8<31, "Adolescent", "invalid"))) -> Middle Age | N8: Yes
A9: 19364 | B9: Married | C9: Male | D9: 40000 | E9: 1 | F9: Bachelors | G9: Skilled Manual | H9: Yes | I9: 0 | J9: 0-1 Miles | K9: Europe | L9: 43 | M9: =IF(L9>54, "Old", IF(L9>=31, "Middle Age", IF(L9<31, "Adolescent", "invalid"))) -> Middle Age | N9: Yes
A10: 22155 | B10: Married | C10: Male | D10: 20000 | E10: 2 | F10: Partial High School | G10: Clerical | H10: Yes | I10: 2 | J10: 5-10 Miles | K10: Pacific | L10: 58 | M10: =IF(L10>54, "Old", IF(L10>=31, "Middle Age", IF(L10<31, "Adolescent", "invalid"))) -> Old | N10: No
A11: 19280 | B11: Married | C11: Male | D11: 120000 | E11: 2 | F11: Partial College | G11: Manual | H11: Yes | I11: 1 | J11: 0-1 Miles | K11: Europe | L11: 40 | M11: =IF(L11>54, "Old", IF(L11>=31, "Middle Age", IF(L11<31, "Adolescent", "invalid"))) -> Middle Age | N11: Yes
A12: 22173 | B12: Married | C12: Female | D12: 30000 | E12: 3 | F12: High School | G12: Skilled Manual | H12: No | I12: 2 | J12: 1-2 Miles | K12: Pacific | L12: 54 | M12: =IF(L12>54, "Old", IF(L12>=31, "Middle Age", IF(L12<31, "Adolescent", "invalid"))) -> Middle Age | N12: Yes
A13: 12697 | B13: Single | C13: Female | D13: 90000 | E13: 0 | F13: Bachelors | G13: Professional | H13: No | I13: 4 | J13: 10+ Miles | K13: Pacific | L13: 36 | M13: =IF(L13>54, "Old", IF(L13>=31, "Middle Age", IF(L13<31, "Adolescent", "invalid"))) -> Middle Age | N13: No
... A1001: 12121 | B1001: Single | C1001: Male | D1001: 60000 | E1001: 3 | F1001: High School | G1001: Professional | H1001: Yes | I1001: 2 | J1001: 10+ Miles | K1001: North America | L1001: 53 | M1001: =IF(L1001>54, "Old", IF(L1001>=31, "Middle Age", IF(L1001<31, "Adolescent", "invalid"))) -> Middle Age | N1001: Yes

Sheet pivot tables
A12: Row Labels | B12: Sum of Income | D12: Row Labels | E12: Count of Purchased insurance | G12: Row Labels | H12: Sum of Dependent | I12: Count of Purchased insurance
A13: Female | B13: 26690000 | D13: Bachelors | E13: 306 | G13: Adolescent | H13: 25 | I13: 110
A14: Male | B14: 29670000 | D14: Graduate Degree | E14: 174 | G14: Middle Age | H14: 1289 | I14: 701
A15: Grand Total | B15: 56360000 | D15: High School | E15: 179 | G15: Old | H15: 584 | I15: 189
D16: Partial College | E16: 265 | G16: Grand Total | H16: 1898 | I16: 1000
D17: Partial High School | E17: 76
A18: Row Labels | B18: Sum of Income | D18: Grand Total | E18: 1000
A19: Adolescent | B19: 3660000 | G19: Row Labels | H19: Sum of Assets Owned(Cars) | I19: Count of Home Ownership status
A20: Middle Age | B20: 41420000 | G20: Adolescent | H20: 151 | I20: 110
A21: Old | B21: 11280000 | D21: Row Labels | E21: Count of Purchased insurance | G21: Middle Age | H21: 943 | I21: 701
A22: Grand Total | B22: 56360000 | D22: Europe | E22: 300 | G22: Old | H22: 348 | I22: 189
D23: North America | E23: 508 | G23: Grand Total | H23: 1442 | I23: 1000
A24: Row Labels | B24: Sum of Income | D24: Pacific | E24: 192
A25: Clerical | B25: 5500000 | D25: Grand Total | E25: 1000
A26: Management | B26: 14990000
A27: Manual | B27: 1990000
A28: Professional | B28: 20720000 | D28: Row Labels | E28: Count of Purchased insurance
A29: Skilled Manual | B29: 13160000 | D29: No | E29: 519
A30: Grand Total | B30: 56360000 | D30: Yes | E30: 481
D31: Grand Total | E31: 1000
A34: Row Labels | B34: Average of Income
A35: No | B35: 54874.759
A36: Yes | B36: 57962.578
A37: Grand Total | B37: 56360

Sheet processing
A1: Gender | B1: Income | E1: Region | F1: Purchased Insurance
A2: Male | B2: =GETPIVOTDATA("Income",'pivot tables'!$A$12,"Gender","Male") -> 29670000 | E2: Europe | F2: =GETPIVOTDATA("Purchased insurance",'pivot tables'!$D$21,"Region","Europe") -> 300
A3: Female | B3: =GETPIVOTDATA("Income",'pivot tables'!$A$12,"Gender","Female") -> 26690000 | E3: North America | F3: =GETPIVOTDATA("Purchased insurance",'pivot tables'!$D$21,"Region","North America") -> 508
E4: Pacific | F4: =GETPIVOTDATA("Purchased insurance",'pivot tables'!$D$21,"Region","Pacific") -> 192
A5: Age | B5: Income
A6: Adolescent | B6: =GETPIVOTDATA("Income",'pivot tables'!$A$18,"Age(Risk factor)","Adolescent") -> 3660000
A7: Middle age | B7: =GETPIVOTDATA("Income",'pivot tables'!$A$18,"Age(Risk factor)","Middle Age") -> 41420000 | E7: Age | F7: Dependent | G7: purchased insurance
A8: Old age | B8: =GETPIVOTDATA("Income",'pivot tables'!$A$18,"Age(Risk factor)","Old") -> 11280000 | E8: Adolescent | F8: =GETPIVOTDATA("Sum of Dependent",'pivot tables'!$G$12,"Age(Risk factor)","Adolescent") -> 25 | G8: =GETPIVOTDATA("Count of Purchased insurance",'pivot tables'!$G$12,"Age(Risk factor)","Adolescent") -> 110
E9: Middle age | F9: =GETPIVOTDATA("Sum of Dependent",'pivot tables'!$G$12,"Age(Risk factor)","Middle Age") -> 1289 | G9: =GETPIVOTDATA("Count of Purchased insurance",'pivot tables'!$G$12,"Age(Risk factor)","Middle Age") -> 701
A10: Occupation | B10: Income | E10: Old age | F10: =GETPIVOTDATA("Sum of Dependent",'pivot tables'!$G$12,"Age(Risk factor)","Old") -> 584 | G10: =GETPIVOTDATA("Count of Purchased insurance",'pivot tables'!$G$12,"Age(Risk factor)","Old") -> 189
A11: Clerical | B11: =GETPIVOTDATA("Income",'pivot tables'!$A$24,"Occupation(Risk class)","Clerical") -> 5500000
A12: Management | B12: =GETPIVOTDATA("Income",'pivot tables'!$A$24,"Occupation(Risk class)","Management") -> 14990000
A13: Professional | B13: =GETPIVOTDATA("Income",'pivot tables'!$A$24,"Occupation(Risk class)","Professional") -> 20720000 | E13: Age | F13: Assets owned
A14: Skilled manual | B14: =GETPIVOTDATA("Income",'pivot tables'!$A$24,"Occupation(Risk class)","Skilled Manual") -> 13160000 | E14: Adolescent | F14: =GETPIVOTDATA("Count of Home Ownership status",'pivot tables'!$G$19,"Age(Risk factor)","Adolescent")+GETPIVOTDATA("Sum of Assets Owned(Cars)",'pivot tables'!$G$19,"Age(Risk factor)","Adolescent") -> 261
A15: Manual | B15: =GETPIVOTDATA("Income",'pivot tables'!$A$24,"Occupation(Risk class)","Manual") -> 1990000 | E15: Middle age | F15: =GETPIVOTDATA("Count of Home Ownership status",'pivot tables'!$G$19,"Age(Risk factor)","Middle Age")+GETPIVOTDATA("Sum of Assets Owned(Cars)",'pivot tables'!$G$19,"Age(Risk factor)","Middle Age") -> 1644
E16: Old age | F16: =GETPIVOTDATA("Count of Home Ownership status",'pivot tables'!$G$19,"Age(Risk factor)","Old")+GETPIVOTDATA("Sum of Assets Owned(Cars)",'pivot tables'!$G$19,"Age(Risk factor)","Old") -> 537
A17: Education level | B17: Purchased insurance
A18: Bachelors | B18: =GETPIVOTDATA("Purchased insurance",'pivot tables'!$D$12,"Education level","Bachelors") -> 306 | E18: Purchased insurance | F18: Percentage
A19: Graduate degree | B19: =GETPIVOTDATA("Purchased insurance",'pivot tables'!$D$12,"Education level","Graduate Degree") -> 174 | E19: No | F19: =GETPIVOTDATA("Purchased insurance",'pivot tables'!$D$28,"Purchased insurance","No")/1000 -> 0.519
A20: High School | B20: =GETPIVOTDATA("Purchased insurance",'pivot tables'!$D$12,"Education level","High School") -> 179 | E20: Yes | F20: =GETPIVOTDATA("Purchased insurance",'pivot tables'!$D$28,"Purchased insurance","Yes")/1000 -> 0.481
A21: Partial college | B21: =GETPIVOTDATA("Purchased insurance",'pivot tables'!$D$12,"Education level","Partial College") -> 265
A22: Partial high school | B22: =GETPIVOTDATA("Purchased insurance",'pivot tables'!$D$12,"Education level","Partial High School") -> 76
A24: Purchased Insurance | B24: Average Income
A25: No | B25: =GETPIVOTDATA("Income",'pivot tables'!$A$34,"Purchased insurance","No") -> 54874.759
A26: Yes | B26: =GETPIVOTDATA("Income",'pivot tables'!$A$34,"Purchased insurance","Yes") -> 57962.578

Sheet dashboard

Sheet colors
B1: 067D70
B2: 249987
B3: 3FA48E
B4: 49AA91
A6: line | B6: 73C3AE
B8: 68275
B9: 6966
A11: line | B11: 9FE1D8
B12: 70D2C3
B13: 329E8F
B14: C2F1C8
B15: 00C9AD
B17: 95B1AF
B18: 156082
B20: 2C78A7
B21: 8377
B22: CE2C35
B23: FA7E31
B24: 99699
A26: Line | B26: 9482D7
B27: F181F2
